PROCEDENCIA/DESTINO,Total,Pinar del Río,Artemisa,La Habana,Mayabeque,Matanzas,Villa Clara,Cienfuegos,Sancti Spíritus,Ciego de Ávila,Camagüey,Las Tunas,Holguín,Granma,Santiago de Cuba,Guantánamo,Isla de la Juventud
2012,,,,,,,,,,,,,,,,,
Cuba,68407,1086,4982,19399,4616,7476,2967,2361,2872,4091,2694,2985,3973,3505,2896,1739,765
Hombres,29517,587,2831,3668,2466,3956,1579,1225,1401 ,2108,1373,1567,2108,1857,1496,876,419
Mujeres,38890,499,2151,15731,2150,3520,1388,1136,1471 ,1983,1321,1418,1865,1648,1400,863,346
Pinar del Río,2414,-,641,1179,111,136,31,47,23,32,23,28,33,39,26,29,36
Hombres,849,-,324,214,54,77,15,22,10 ,14,12,15,20,21,18,16,17
Mujeres,1565,-,317,965,57,59,16,25,13 ,18,11,13,13,18,8,13,19
Artemisa,3358,391,-,1805,194,107,56,42,40,62,60,75,133,177,129,60,27
Hombres,1123,202,-,310,94,51,28,22,18,32,26,44,77,95,73,35,16
Mujeres,2235,189,-,1495,100,56,28,20,22,30,34,31,56,82,56,25,11
La Habana,5035,235,748,-,738,498,369,201,202,225,158,216,407,381,321,176,160
Hombres,2770,128,415,-,393,265,191,106,105,126,83,121,240,206,179,105,107
Mujeres,2265,107,333,-,345,233,178,95,97,99,75,95,167,175,142,71,53
Mayabeque,3393,37,219,1881,-,374,53,54,44,51,41,48,116,231,111,83,50
Hombres,1193,20,113,404,-,180,30,24,24,27,19,23,65,134,57,45,28
Mujeres,2200,17,106,1477,-,194,23,30,20,24,22,25,51,97,54,38,22
Matanzas,2925,46,100,776,230,-,344,252,114,100,95,93,194,271,196,95,19
Hombres,1335,26,57,156,125,-,194,135,53,54,43,56,107,161,105,50,13
Mujeres,1590,20,43,620,105,-,150,117,61,46,52,37,87,110,91,45,6
Villa Clara,3393,20,80,904,80,896,-,532,392,147,64,60,88,54,43,30,3
Hombres,1252,13,47,147,34,476,-,265,89,44,30,30,41,22,8,6,
Mujeres,2141,7,33,757,46,420,-,267,303,103,34,30,47,32,35,24,3
Cienfuegos,1879,14,40,435,54,311,382,-,167,79,49,53,94,78,70,37,16
Hombres,868,11,22,81,22,170,209,-,103,42,30,19,54,46,33,18,8
Mujeres,1011,3,18,354,32,141,173,-,64,37,19,34,40,32,37,19,8
Sancti Spíritus,2514,17,58,472,58,241,660,176,-,387,88,52,142,65,43,38,17
Hombres,1190,10,37,101,28,136,343,87,-,218,43,29,76,35,20,17,10
Mujeres,1324,7,21,371,30,105,317,89,-,169,45,23,66,30,23,21,7
Ciego de Ávila,2846,16,99,629,113,246,176,71,427,-,211,98,242,269,156,82,11
Hombres,1283,7,47,105,68,114,90,32,223,-,113,53,141,144,94,47,5
Mujeres,1563,9,52,524,45,132,86,39,204,-,98,45,101,125,62,35,6
Camagüey,6039,28,249,1372,205,576,177,211,323,814,-,748,435,379,280,201,41
Hombres,2723,16,156,251,112,316,104,110,168,419,-,407,206,192,151,90,25
Mujeres,3316,12,93,1121,93,260,73,101,155,395,-,341,229,187,129,111,16
Las Tunas,3892,36,199,915,171,345,90,96,170,215,563,-,586,269,137,67,33
Hombres,1785,15,133,172,103,197,53,56,93,109,309,-,303,135,58,30,19
Mujeres,2107,21,66,743,68,148,37,40,77,106,254,-,283,134,79,37,14
Holguín,7800,60,475,2294,435,727,203,215,350,622,418,708,-,440,425,349,79
Hombres,3349,31,276,413,232,388,105,114,187,333,221,386,-,227,214,180,42
Mujeres,4451,29,199,1881,203,339,98,101,163,289,197,322,-,213,211,169,37
Granma,7625,66,707,1931,905,1088,171,124,255,542,363,381,448,-,467,87,90
Hombres,3304,34,397,369,479,583,91,66,135,272,167,176,209,-,234,44,48
Mujeres,4321,32,310,1562,426,505,80,58,120,270,196,205,239,-,233,43,42
Santiago de Cuba,8233,44,746,2572,596,1167,145,222,176,451,289,228,556,594,-,359,88
Hombres,3433,31,424,478,317,618,62,124,92,230,144,112,296,302,-,171,32
Mujeres,4800,13,322,2094,279,549,83,98,84,221,145,116,260,292,-,188,56
Guantánamo,5679,31,510,1633,599,682,80,101,171,339,235,155,444,171,433,-,95
Hombres,2521,15,318,358,341,345,45,51,92,173,114,70,238,88,224,-,49
Mujeres,3158,16,192,1275,258,337,35,50,79,166,121,85,206,83,209,-,46
Isla de la Juventud,1382,45,111,601,127,82,30,17,18,25,37,42,55,87,59,46,-
Hombres,539,28,65,109,64,40,19,11,9,15,19,26,35,49,28,22,-
Mujeres,843,17,46,492,63,42,11,6,9,10,18,16,20,38,31,24,-
2013,,,,,,,,,,,,,,,,,
Cuba,63996,1400,4957,16851,4190,5612,3041,2133,2756,3918,4428,2717,3921,2940,2307,1896,929
Hombres,32074,679,2624,8096,2222,2873,1605,1046,1404 ,1973,2192,1352,2024,1462,1107,930,485
Mujeres,31922,721,2333,8755,1968,2739,1436,1087,1352 ,1945,2236,1365,1897,1478,1200,966,444
Pinar del Río,2284,0,708,956,115,110,35,33,34,27,38,17,52,29,37,35,58
Hombres,1121,0,365,451,60,55,14,17,15 ,11,19,9,26,12,16,18,33
Mujeres,1163,0,343,505,55,55,21,16,19 ,16,19,8,26,17,21,17,25
Artemisa,3447,544,0,1660,222,122,64,49,56,49,93,66,104,185,95,88,50
Hombres,1731,273,0,810,118,58,36,27,28,30,50,42,56,90,42,46,25
Mujeres,1716,271,0,850,104,64,28,22,28,19,43,24,48,95,53,42,25
La Habana,5791,291,848,0,826,463,361,206,233,246,366,278,445,416,335,291,186
Hombres,3009,139,456,0,452,231,193,108,127,118,160,140,243,219,167,156,100
Mujeres,2782,152,392,0,374,232,168,98,106,128,206,138,202,197,168,135,86
Mayabeque,3426,52,344,1622,0,319,51,57,33,62,99,73,211,220,102,141,40
Hombres,1781,25,181,798,0,164,32,26,16,32,57,42,124,130,54,81,19
Mujeres,1645,27,163,824,0,155,19,31,17,30,42,31,87,90,48,60,21
Matanzas,2738,40,109,693,187,0,350,171,122,116,174,96,180,198,156,115,31
Hombres,1406,20,61,351,90,0,195,88,71,59,98,38,81,102,74,63,15
Mujeres,1332,20,48,342,97,0,155,83,51,57,76,58,99,96,82,52,16
Villa Clara,3321,28,79,826,74,691,0,494,570,186,128,64,68,50,21,29,13
Hombres,1638,11,40,388,46,374,0,230,286,83,60,34,35,21,11,14,5
Mujeres,1683,17,39,438,28,317,0,264,284,103,68,30,33,29,10,15,8
Cienfuegos,1775,31,54,398,52,244,419,0,147,55,110,57,62,53,51,28,14
Hombres,903,16,30,189,24,139,200,0,76,23,57,29,41,33,25,13,8
Mujeres,872,15,24,209,28,105,219,0,71,32,53,28,21,20,26,15,6
Sancti Spíritus,2490,35,64,472,53,217,691,172,0,358,148,41,111,70,27,21,10
Hombres,1244,16,34,242,24,109,360,72,0,175,66,20,63,32,13,15,3
Mujeres,1246,19,30,230,29,108,331,100,0,183,82,21,48,38,14,6,7
Ciego de Ávila,3015,24,108,588,94,172,183,80,371,0,555,118,264,218,95,126,19
Hombres,1579,11,58,277,56,96,104,40,196,0,301,58,146,107,57,62,10
Mujeres,1436,13,50,311,38,76,79,40,175,0,254,60,118,111,38,64,9
Camagüey,5513,64,226,1200,240,438,212,167,299,816,0,687,396,314,193,211,50
Hombres,2691,30,121,576,117,201,102,90,147,415,0,328,201,157,79,97,30
Mujeres,2822,34,105,624,123,237,110,77,152,401,0,359,195,157,114,114,20
Las Tunas,3762,29,193,771,165,271,110,86,104,197,796,0,559,230,113,70,68
Hombres,1930,12,111,364,91,149,54,39,55,114,397,0,318,99,62,34,31
Mujeres,1832,17,82,407,74,122,56,47,49,83,399,0,241,131,51,36,37
Holguín,7300,67,466,2182,433,591,162,156,318,554,622,599,0,376,336,329,109
Hombres,3648,36,246,1055,227,309,91,75,167,291,304,309,0,168,176,137,57
Mujeres,3652,31,220,1127,206,282,71,81,151,263,318,290,0,208,160,192,52
Granma,7085,54,698,1855,830,856,177,139,186,547,525,289,448,0,301,89,91
Hombres,3466,22,343,867,420,435,99,74,91,265,255,132,219,0,141,48,55
Mujeres,3619,32,355,988,410,421,78,65,95,282,270,157,229,0,160,41,36
Santiago de Cuba,5158,43,467,1460,344,525,102,179,105,316,342,128,441,360,0,263,83
Hombres,2521,26,261,693,200,253,54,93,50,148,160,52,188,181,0,121,41
Mujeres,2637,17,206,767,144,272,48,86,55,168,182,76,253,179,0,142,42
Guantánamo,5514,44,473,1628,456,531,84,119,151,358,387,148,497,136,395,0,107
Hombres,2726,22,257,769,243,270,51,57,68,196,185,85,238,65,167,0,53
Mujeres,2788,22,216,859,213,261,33,62,83,162,202,63,259,71,228,0,54
Isla de la Juventud,1377,54,120,540,99,62,40,25,27,31,45,56,83,85,50,60,0
Hombres,680,20,60,266,54,30,20,10,11,13,23,34,45,46,23,25,0
Mujeres,697,34,60,274,45,32,20,15,16,18,22,22,38,39,27,35,0
2014,,,,,,,,,,,,,,,,,
Cuba,48501,1232,3432,13215,3630,4007,2178,1452,2098,3339,2811,1866,2815,2142,2447,1267,570
Hombres,24485,602,1805,6381,1897,2079,1092,750,1106 ,1750,1389,921,1469,1092,1226,625,301
Mujeres,24016,630,1627,6834,1733,1928,1086,702,992 ,1589,1422,945,1346,1050,1221,642,269
Pinar del Río,1669,-,499,747,98,54,29,17,21,13,20,23,27,27,51,13,30
Hombres,857,-,254,398,42,20,12,8,12 ,8,6,12,16,13,35,6,15
Mujeres,812,-,245,349,56,34,17,9,9 ,5,14,11,11,14,16,7,15
Artemisa,2539,343,-,1228,196,61,37,26,31,54,57,47,95,137,128,74,25
Hombres,1276,174,-,589,100,31,20,14,15,33,31,21,51,71,73,38,15
Mujeres,1263,169,-,639,96,30,17,12,16,21,26,26,44,66,55,36,10
La Habana,4238,317,514,-,833,313,228,117,160,173,259,145,310,244,344,184,97
Hombres,2190,138,258,-,424,166,110,63,82,108,126,76,175,133,170,110,51
Mujeres,2048,179,256,-,409,147,118,54,78,65,133,69,135,111,174,74,46
Mayabeque,2629,178,213,1109,-,192,38,39,31,77,60,77,179,210,112,88,26
Hombres,1328,84,110,527,-,96,19,22,19,41,31,41,92,119,60,55,12
Mujeres,1301,94,103,582,-,96,19,17,12,36,29,36,87,91,52,33,14
Matanzas,2113,28,44,443,137,-,242,121,99,264,103,60,104,184,164,91,29
Hombres,1076,16,22,233,69,-,136,66,48,128,41,29,52,97,79,41,19
Mujeres,1037,12,22,210,68,-,106,55,51,136,62,31,52,87,85,50,10
Villa Clara,2387,21,47,614,66,474,-,322,416,89,79,66,66,41,42,36,8
Hombres,1201,13,25,299,30,239,-,165,201,43,47,41,34,19,20,20,5
Mujeres,1186,8,22,315,36,235,-,157,215,46,32,25,32,22,22,16,3
Cienfuegos,1222,26,34,302,17,163,271,-,115,28,54,32,58,40,60,16,6
Hombres,636,14,16,169,9,95,132,-,56,16,26,13,33,19,27,7,4
Mujeres,586,12,18,133,8,68,139,-,59,12,28,19,25,21,33,9,2
Sancti Spíritus,1651,19,41,303,32,118,467,127,0,222,77,31,93,46,41,25,9
Hombres,817,13,16,146,20,68,222,58,0,113,41,14,49,19,24,11,3
Mujeres,834,6,25,157,12,50,245,69,0,109,36,17,44,27,17,14,6
Ciego de Ávila,2190,25,69,438,92,152,184,76,275,-,298,74,175,120,119,80,13
Hombres,1108,8,36,211,53,76,84,37,160,-,147,43,84,60,67,35,7
Mujeres,1082,17,33,227,39,76,100,39,115,-,151,31,91,60,52,45,6
Camagüey,3404,46,141,833,156,273,125,88,153,482,-,367,220,211,180,92,37
Hombres,1704,22,81,393,84,133,66,41,70,247,-,185,112,113,104,37,16
Mujeres,1700,24,60,440,72,140,59,47,83,235,-,182,108,98,76,55,21
Las Tunas,2840,22,134,619,153,173,116,80,104,187,502,-,410,165,107,38,30
Hombres,1423,11,78,298,76,86,67,44,51,93,238,-,207,83,54,16,21
Mujeres,1417,11,56,321,77,87,49,36,53,94,264,-,203,82,53,22,9
Holguín,5261,35,323,1645,299,409,125,89,241,417,380,475,-,249,306,209,59
Hombres,2667,14,171,791,168,210,61,52,136,221,198,231,-,127,158,93,36
Mujeres,2594,21,152,854,131,199,64,37,105,196,182,244,-,122,148,116,23
Granma,5387,41,506,1454,655,628,120,84,156,438,298,214,321,-,349,62,61
Hombres,2673,31,265,683,340,324,62,47,86,229,149,91,150,-,158,22,36
Mujeres,2714,10,241,771,315,304,58,37,70,209,149,123,171,-,191,40,25
Santiago de Cuba,5469,40,516,1837,405,551,90,142,99,346,308,131,393,345,-,220,46
Hombres,2735,14,288,852,212,296,43,72,54,189,142,66,206,167,-,119,15
Mujeres,2734,26,228,985,193,255,47,70,45,157,166,65,187,178,-,101,31
Guantánamo,4603,42,303,1247,404,422,79,108,183,528,286,89,321,89,408,-,94
Hombres,2335,25,160,605,220,223,45,52,110,267,150,40,185,35,172,-,46
Mujeres,2268,17,143,642,184,199,34,56,73,261,136,49,136,54,236,-,48
Isla de la Juventud,899,49,48,396,87,24,27,16,14,21,30,35,43,34,36,39,-
Hombres,459,25,25,187,50,16,13,9,6,14,16,18,23,17,25,15,-
Mujeres,440,24,23,209,37,8,14,7,8,7,14,17,20,17,11,24,-
2015,,,,,,,,,,,,,,,,,
Cuba,80581,1700,5962,23136,5830,7108,3673,2118,3079,4832,4744,3087,4744,3446,4058,2118,946
Hombres,41524,923,3230,11395,3056,3691,1929,1109,1601 ,2455,2373,1653,2478,1846,2127,1137,521
Mujeres,39057,777,2732,11741,2774,3417,1744,1009,1478 ,2377,2371,1434,2266,1600,1931,981,425
Pinar del Río,2872,-,781,1380,149,108,50,34,43,27,37,35,49,52,61,11,55
Hombres,1462,-,397,687,75,66,28,17,25 ,12,18,19,21,29,34,8,26
Mujeres,1410,-,384,693,74,42,22,17,18 ,15,19,16,28,23,27,3,29
Artemisa,4127,562,-,2027,306,118,60,39,44,86,105,75,171,202,186,95,51
Hombres,2168,299,-,1009,145,68,29,18,25,48,63,41,93,136,101,57,36
Mujeres,1959,263,-,1018,161,50,31,21,19,38,42,34,78,66,85,38,15
La Habana,7368,454,1025,-,1028,433,497,205,227,265,474,329,678,529,635,410,179
Hombres,4154,241,560,-,550,233,277,118,121,137,270,196,388,305,396,260,102
Mujeres,3214,213,465,-,478,200,220,87,106,128,204,133,290,224,239,150,77
Mayabeque,4005,62,293,1961,-,333,58,41,39,76,101,119,229,277,214,148,54
Hombres,2098,32,156,1010,-,158,31,22,18,35,57,73,124,156,113,81,32
Mujeres,1907,30,137,951,-,175,27,19,21,41,44,46,105,121,101,67,22
Matanzas,3551,86,126,958,338,-,390,187,170,91,214,108,222,236,261,133,31
Hombres,1888,50,66,482,197,-,212,118,81,44,114,60,119,130,124,73,18
Mujeres,1663,36,60,476,141,-,178,69,89,47,100,48,103,106,137,60,13
Villa Clara,3758,43,113,1048,87,710,-,450,595,215,144,48,82,89,84,28,22
Hombres,1916,26,69,508,37,368,-,222,310,106,76,29,46,43,52,14,10
Mujeres,1842,17,44,540,50,342,-,228,285,109,68,19,36,46,32,14,12
Cienfuegos,2106,44,55,581,61,272,436,-,177,49,76,46,94,60,103,43,9
Hombres,1057,20,32,278,35,151,226,-,80,26,36,26,43,29,51,19,5
Mujeres,1049,24,23,303,26,121,210,-,97,23,40,20,51,31,52,24,4
Sancti Spíritus,3089,22,61,595,78,267,805,187,-,458,172,79,173,73,41,64,14
Hombres,1571,12,40,299,46,123,412,88,-,239,71,48,88,43,20,34,8
Mujeres,1518,10,21,296,32,144,393,99,-,219,101,31,85,30,21,30,6
Ciego de Ávila,3255,16,116,677,135,206,227,69,343,-,496,121,289,199,219,122,20
Hombres,1711,9,69,333,76,107,125,39,180,-,246,64,168,108,121,57,9
Mujeres,1544,7,47,344,59,99,102,30,163,-,250,57,121,91,98,65,11
Camagüey,6077,45,257,1463,272,524,275,143,301,909,-,577,455,319,363,140,34
Hombres,3046,25,152,698,148,263,143,79,155,439,-,293,220,150,191,73,17
Mujeres,3031,20,105,765,124,261,132,64,146,470,-,284,235,169,172,67,17
Las Tunas,4537,51,214,1018,288,351,142,98,153,244,847,-,623,215,171,79,43
Hombres,2318,34,125,521,155,182,70,49,80,119,411,-,320,105,87,35,25
Mujeres,2219,17,89,497,133,169,72,49,73,125,436,-,303,110,84,44,18
Holguín,8766,79,506,2800,472,762,208,164,384,759,573,724,-,430,529,280,96
Hombres,4534,46,299,1406,247,377,113,83,206,378,285,390,-,242,259,144,59
Mujeres,4232,33,207,1394,225,385,95,81,178,381,288,334,-,188,270,136,37
Granma,9383,82,969,2549,1149,1102,211,142,230,671,597,400,535,-,530,104,112
Hombres,4744,46,490,1267,575,590,105,79,130,349,282,203,261,-,264,52,51
Mujeres,4639,36,479,1282,574,512,106,63,100,322,315,197,274,-,266,52,61
Santiago de Cuba,9286,52,810,3228,616,1119,185,234,141,544,445,246,599,542,-,426,99
Hombres,4620,30,431,1521,328,592,94,114,72,292,213,112,308,248,-,212,53
Mujeres,4666,22,379,1707,288,527,91,120,69,252,232,134,291,294,-,214,46
Guantánamo,6955,44,517,2131,725,714,104,107,212,419,432,139,494,172,618,-,127
Hombres,3498,21,283,1021,379,371,51,54,108,222,218,74,244,89,293,-,70
Mujeres,3457,23,234,1110,346,343,53,53,104,197,214,65,250,83,325,-,57
Isla de la Juventud,1446,58,119,720,126,89,25,18,20,19,31,41,51,51,43,35,-
Hombres,739,32,61,355,63,42,13,9,10,9,13,25,35,33,21,18,-
Mujeres,707,26,58,365,63,47,12,9,10,10,18,16,16,18,22,17,-
2016,,,,,,,,,,,,,,,,,
Cuba,82514,1632,6667,22850,5289,7891,3733,2744,3336,4943,4859,3055,4712,3401,4094,2281,1027
Hombres,41792,862,3559,10942,2783,4125,1896,1341,1759 ,2571,2390,1570,2412,1765,2048,1202,567
Mujeres,40722,770,3108,11908,2506,3766,1837,1403,1577 ,2372,2469,1485,2300,1636,2046,1079,460
Pinar del Río,2963,-,955,1277,121,125,63,41,36,39,38,26,44,46,69,22,61
Hombres,1424,-,454,591,66,76,29,22,18 ,18,19,16,19,27,32,10,27
Mujeres,1539,-,501,686,55,49,34,19,18 ,21,19,10,25,19,37,12,34
Artemisa,4183,506,-,2008,247,111,81,43,64,86,85,95,207,274,203,112,61
Hombres,2187,259,-,991,131,60,42,28,39,47,48,57,120,145,119,67,34
Mujeres,1996,247,-,1017,116,51,39,15,25,39,37,38,87,129,84,45,27
La Habana,7742,423,1061,-,908,722,486,284,315,298,531,353,592,488,698,380,203
Hombres,4158,211,584,-,461,392,226,152,159,163,281,198,315,264,400,244,108
Mujeres,3584,212,477,-,447,330,260,132,156,135,250,155,277,224,298,136,95
Mayabeque,4036,63,334,1833,-,410,58,34,57,86,100,95,245,247,223,169,82
Hombres,2068,28,161,882,-,208,32,16,32,53,59,60,142,134,119,100,42
Mujeres,1968,35,173,951,-,202,26,18,25,33,41,35,103,113,104,69,40
Matanzas,3764,87,157,1005,260,-,401,227,160,135,232,106,237,283,278,180,16
Hombres,1882,60,71,469,138,-,203,111,92,74,114,43,126,139,139,94,9
Mujeres,1882,27,86,536,122,-,198,116,68,61,118,63,111,144,139,86,7
Villa Clara,4007,36,101,878,62,823,-,677,712,211,150,69,95,67,69,32,25
Hombres,2030,20,57,406,40,429,-,308,403,113,68,44,47,33,32,17,13
Mujeres,1977,16,44,472,22,394,-,369,309,98,82,25,48,34,37,15,12
Cienfuegos,2142,19,90,524,60,304,421,-,220,69,88,70,90,61,68,44,14
Hombres,1090,8,53,263,30,164,199,-,110,34,43,38,50,34,36,21,7
Mujeres,1052,11,37,261,30,140,222,-,110,35,45,32,40,27,32,23,7
Sancti Spíritus,3076,28,78,501,73,248,834,236,-,491,157,68,162,77,60,45,18
Hombres,1581,13,43,231,46,125,420,126,-,269,80,39,84,42,31,25,7
Mujeres,1495,15,35,270,27,123,414,110,-,222,77,29,78,35,29,20,11
Ciego de Ávila,3328,28,135,644,101,219,235,58,364,-,520,130,325,214,204,130,21
Hombres,1674,17,75,300,52,122,116,35,182,-,249,60,175,107,99,74,11
Mujeres,1654,11,60,344,49,97,119,23,182,-,271,70,150,107,105,56,10
Camagüey,5880,59,231,1381,241,553,230,208,301,859,-,609,400,287,286,196,39
Hombres,2962,29,124,656,134,275,123,105,149,439,-,326,204,146,136,88,28
Mujeres,2918,30,107,725,107,278,107,103,152,420,-,283,196,141,150,108,11
Las Tunas,4648,39,226,1161,200,372,129,114,167,277,834,-,591,235,185,53,65
Hombres,2340,23,130,553,109,201,76,49,85,129,389,-,314,129,83,32,38
Mujeres,2308,16,96,608,91,171,53,65,82,148,445,-,277,106,102,21,27
Holguín,8951,69,579,2887,570,843,232,212,294,636,555,722,-,398,540,312,102
Hombres,4585,39,333,1454,324,439,131,93,160,323,277,344,-,195,258,154,61
Mujeres,4366,30,246,1433,246,404,101,119,134,313,278,378,-,203,282,158,41
Granma,9666,90,1056,2692,1093,1188,229,204,259,704,559,296,507,-,577,109,103
Hombres,4762,47,548,1252,564,619,124,99,123,362,268,144,237,-,263,53,59
Mujeres,4904,43,508,1440,529,569,105,105,136,342,291,152,270,-,314,56,44
Santiago de Cuba,9817,67,974,3285,599,1195,187,251,182,545,533,232,676,541,-,454,96
Hombres,4871,43,527,1573,303,616,93,125,93,291,257,116,302,275,-,205,52
Mujeres,4946,24,447,1712,296,579,94,126,89,254,276,116,374,266,-,249,44
Guantánamo,6974,69,609,2157,651,709,121,128,191,482,426,124,474,144,568,-,121
Hombres,3510,37,355,1033,327,371,67,61,105,241,215,56,232,75,264,-,71
Mujeres,3464,32,254,1124,324,338,54,67,86,241,211,68,242,69,304,-,50
Isla de la Juventud,1337,49,81,617,103,69,26,27,14,25,51,60,67,39,66,43,-
Hombres,668,28,44,288,58,28,15,11,9,15,23,29,45,20,37,18,-
Mujeres,669,21,37,329,45,41,11,16,5,10,28,31,22,19,29,25,-
2017,,,,,,,,,,,,,,,,,
Cuba,76300,,,,,,,,,,,,,,,,
Hombres,38764,,,,,,,,,,,,,,,,
Mujeres,37536,,,,,,,,,,,,,,,,
Pinar del Río,1443,-,487,385,60,64,19,28,25,22,42,30,71,69,50,43,48
Hombres,735,-,255,191,34,32,6,12,17,14,22,14,42,34,28,11,23
Mujeres,708,-,232,194,26,32,13,16,8,8,20,16,29,35,22,32,25
Artemisa,6570,1079,-,1024,266,124,102,66,67,118,272,255,566,1042,877,587,125
Hombres,3473,517,-,518,133,67,53,33,32,61,160,139,314,568,494,315,69
Mujeres,3097,562,-,506,133,57,49,33,35,57,112,116,252,474,383,272,56
La Habana,21868,1282,1815,-,1721,913,908,473,441,660,1414,1032,3038,2562,2946,2062,601
Hombres,10765,568,923,-,903,471,457,226,222,326,697,523,1509,1196,1407,1063,274
Mujeres,11103,714,892,-,818,442,451,247,219,334,717,509,1529,1366,1539,999,327
Mayabeque,5422,128,245,926,-,310,78,61,66,128,241,213,533,1154,596,632,111
Hombres,2817,52,116,473,-,175,41,31,32,63,139,114,292,585,308,345,51
Mujeres,2605,76,129,453,-,135,37,30,34,65,102,99,241,569,288,287,60
Matanzas,7483,125,122,562,377,-,810,260,277,237,544,364,711,1138,1108,764,84
Hombres,3886,61,64,292,200,-,422,150,137,119,266,197,373,611,561,382,51
Mujeres,3597,64,58,270,177,-,388,110,140,118,278,167,338,527,547,382,33
Villa Clara,3238,44,49,410,48,315,-,466,679,198,170,137,185,203,185,114,35
Hombres,1621,19,31,210,22,157,-,223,342,100,93,75,95,86,94,60,14
Mujeres,1617,25,18,200,26,158,-,243,337,98,77,62,90,117,91,54,21
Cienfuegos,2328,32,60,226,36,236,510,-,202,98,159,84,171,142,209,149,14
Hombres,1153,15,28,111,19,115,258,-,94,45,87,52,81,65,106,73,4
Mujeres,1175,17,32,115,17,121,252,-,108,53,72,32,90,77,103,76,10
Sancti Spíritus,3133,31,60,300,50,143,640,198,-,367,314,144,261,250,185,175,15
Hombres,1601,17,37,152,27,78,315,111,-,202,145,86,135,123,89,76,8
Mujeres,1532,14,23,148,23,65,325,87,-,165,169,58,126,127,96,99,7
Ciego de Ávila,4076,20,54,270,78,96,172,48,348,-,704,242,490,645,495,386,28
Hombres,2091,9,30,140,45,47,90,28,182,-,358,124,234,332,258,201,13
Mujeres,1985,11,24,130,33,49,82,20,166,-,346,118,256,313,237,185,15
Camagüey,4462,39,96,459,116,183,125,113,160,507,-,768,521,499,476,366,34
Hombres,2227,19,55,234,71,98,63,49,69,258,-,388,265,233,220,188,17
Mujeres,2235,20,41,225,45,85,62,64,91,249,-,380,256,266,256,178,17
Las Tunas,2654,28,88,262,89,118,159,53,75,95,475,-,557,266,214,130,45
Hombres,1312,16,52,138,50,55,83,30,37,50,249,-,253,118,104,53,24
Mujeres,1342,12,36,124,39,63,76,23,38,45,226,-,304,148,110,77,21
Holguín,3913,29,137,505,213,231,88,74,139,255,363,531,-,439,477,389,43
Hombres,2031,18,88,269,118,119,45,41,68,146,187,273,-,214,239,179,27
Mujeres,1882,11,49,236,95,112,43,33,71,109,176,258,-,225,238,210,16
Granma,3084,44,212,477,274,217,61,31,87,174,260,211,373,-,467,136,60
Hombres,1610,24,110,248,153,122,34,19,45,95,138,107,191,-,216,75,33
Mujeres,1474,20,102,229,121,95,27,12,42,79,122,104,182,-,251,61,27
Santiago de Cuba,3648,81,206,647,162,247,53,104,66,199,268,164,446,475,-,477,53
Hombres,1869,41,106,364,94,138,30,46,35,106,139,75,228,222,-,223,22
Mujeres,1779,40,100,283,68,109,23,58,31,93,129,89,218,253,-,254,31
Guantánamo,2093,26,132,317,153,146,33,39,65,156,140,80,263,111,377,-,55
Hombres,1101,17,69,207,84,69,11,20,27,88,77,30,142,50,182,-,28
Mujeres,992,9,63,110,69,77,22,19,38,68,63,50,121,61,195,-,27
Isla de la Juventud,885,66,41,196,48,25,13,13,12,38,36,54,93,91,76,83,-
Hombres,472,34,20,107,20,12,9,6,5,17,17,28,53,54,44,46,-
Mujeres,413,32,21,89,28,13,4,7,7,21,19,26,40,37,32,37,-
2018,,,,,,,,,,,,,,,,,
Cuba,72539,,,,,,,,,,,,,,,,
Hombres,36616,,,,,,,,,,,,,,,,
Mujeres,35923,,,,,,,,,,,,,,,,423
Pinar del Río,2765,-,926,1211,121,131,34,22,44,17,31,24,31,51,59,19,44
Hombres,1260,-,426,528,59,58,16,11,18,10,14,14,18,28,30,10,20
Mujeres,1505,-,500,683,62,73,18,11,26,7,17,10,13,23,29,9,24
Artemisa,3982,446,-,1963,279,131,69,48,59,46,96,101,170,216,199,95,64
Hombres,2000,216,-,949,148,74,34,22,28,26,52,50,91,115,105,52,38
Mujeres,1982,230,-,1014,131,57,35,26,31,20,44,51,79,101,94,43,26
La Habana,6649,377,1089,-,907,528,356,213,237,205,418,255,585,449,563,287,180
Hombres,3527,193,538,-,484,273,180,109,140,108,221,143,325,253,303,167,90
Mujeres,3122,184,551,-,423,255,176,104,97,97,197,112,260,196,260,120,90
Mayabeque,3715,74,282,1756,-,370,56,48,39,58,98,74,191,261,188,149,71
Hombres,1979,36,152,911,-,204,29,25,22,33,53,42,98,144,105,88,37
Mujeres,1736,38,130,845,-,166,27,23,17,25,45,32,93,117,83,61,34
Matanzas,3221,53,122,860,269,-,326,159,108,91,168,101,241,284,272,140,27
Hombres,1692,24,67,445,146,-,179,85,53,44,89,54,134,153,131,72,16
Mujeres,1529,29,55,415,123,-,147,74,55,47,79,47,107,131,141,68,11
Villa Clara,3684,48,73,930,75,858,-,455,633,152,148,63,75,65,61,36,12
Hombres,1849,21,40,443,47,447,-,203,334,89,72,35,35,27,29,19,8
Mujeres,1835,27,33,487,28,411,-,252,299,63,76,28,40,38,32,17,4
Cienfuegos,1973,24,64,485,66,289,439,-,167,64,82,26,66,65,96,27,13
Hombres,1023,16,39,219,38,160,231,-,93,37,35,13,40,33,52,13,4
Mujeres,950,8,25,266,28,129,208,-,74,27,47,13,26,32,44,14,9
Sancti Spíritus,2639,34,83,500,59,244,743,178,-,277,110,71,156,75,35,54,20
Hombres,1317,19,37,224,35,125,384,88,-,144,54,40,78,33,22,25,9
Mujeres,1322,15,46,276,24,119,359,90,-,133,56,31,78,42,13,29,11
Ciego de Ávila,3130,22,109,663,134,218,185,70,363,-,419,98,273,221,215,119,21
Hombres,1587,11,65,309,63,116,105,39,175,-,229,55,139,103,103,63,12
Mujeres,1543,11,44,354,71,102,80,31,188,-,190,43,134,118,112,56,9
Camagüey,4998,41,269,1272,245,514,150,140,314,597,-,517,320,255,199,134,31
Hombres,2528,21,157,617,135,271,81,72,151,308,-,258,164,126,91,60,16
Mujeres,2470,20,112,655,110,243,69,68,163,289,-,259,156,129,108,74,15
Las Tunas,4219,27,285,1017,247,399,102,79,158,190,756,-,506,223,130,58,42
Hombres,2148,15,160,479,143,221,53,35,85,96,384,-,256,105,62,29,25
Mujeres,2071,12,125,538,104,178,49,44,73,94,372,-,250,118,68,29,17
Holguín,7934,53,620,2938,474,665,145,118,284,412,445,618,-,365,447,281,69
Hombres,3939,26,326,1432,237,334,83,69,134,201,218,301,-,186,220,140,32
Mujeres,3995,27,294,1506,237,331,62,49,150,211,227,317,-,179,227,141,37
Granma,8317,67,992,2429,1102,1007,155,130,229,424,434,259,447,-,473,66,103
Hombres,4157,38,536,1111,552,533,80,70,123,232,209,125,231,-,225,35,57
Mujeres,4160,29,456,1318,550,474,75,60,106,192,225,134,216,-,248,31,46
Santiago de Cuba,7820,57,828,2686,640,881,128,213,145,347,342,183,449,475,-,377,69
Hombres,3847,29,431,1295,331,441,68,101,75,167,160,89,236,218,-,177,29
Mujeres,3973,28,397,1391,309,440,60,112,70,180,182,94,213,257,-,200,40
Guantánamo,6309,29,594,2074,624,708,131,107,197,261,331,104,422,128,503,-,96
Hombres,3174,10,333,1023,337,374,74,51,101,120,157,51,207,59,231,-,46
Mujeres,3135,19,261,1051,287,334,57,56,96,141,174,53,215,69,272,-,50
Isla de la Juventud,1184,33,101,560,88,67,21,21,21,19,34,37,36,53,45,48,-
Hombres,589,13,49,263,42,37,12,11,10,12,19,15,26,31,22,27,-
Mujeres,595,20,52,297,46,30,9,10,11,7,15,22,10,22,23,21,
2019,,,,,,,,,,,,,,,,,
Cuba,74916,1542,6239,20776,5274,6671,3219,2249,3201,4345,4340,2667,4156,3193,3942,2159,943
Hombres,37954,787,3173,10062,2725,3494,1679,1113,1668,2271,2134,1350,2157,1651,2052,1137,501
Mujeres,36962,755,3066,10714,2549,3177,1540,1136,1533,2074,2206,1317,1999,1542,1890,1022,442
Pinar del Río,2850,-,918,1224,150,129,42,39,36,20,47,25,30,54,68,12,56
Hombres,1358,-,419,557,80,74,18,23,23,12,26,9,16,29,34,7,31
Mujeres,1492,-,499,667,70,55,24,16,13,8,21,16,14,25,34,5,25
Artemisa,4258,565,-,1952,286,112,70,39,71,73,121,92,185,238,257,141,56
Hombres,2110,271,-,917,141,56,38,21,32,38,65,53,109,120,143,73,33
Mujeres,2148,294,-,1035,145,56,32,18,39,35,56,39,76,118,114,68,23
La Habana,7349,448,1100,-,979,523,441,226,289,302,461,259,603,474,692,350,202
Hombres,3895,235,552,-,509,306,224,115,148,169,213,139,330,257,369,219,110
Mujeres,3454,213,548,-,470,217,217,111,141,133,248,120,273,217,323,131,92
Mayabeque,3857,66,300,1677,-,367,49,45,71,79,127,105,243,283,229,162,54
Hombres,1984,31,151,831,-,196,32,26,40,43,66,54,122,146,126,91,29
Mujeres,1873,35,149,846,-,171,17,19,31,36,61,51,121,137,103,71,25
Matanzas,3583,50,130,866,336,-,349,213,160,118,202,122,228,308,280,173,48
Hombres,1900,28,81,455,188,-,195,115,85,69,103,57,118,161,137,81,27
Mujeres,1683,22,49,411,148,-,154,98,75,49,99,65,110,147,143,92,21
Villa Clara,3742,36,72,874,70,789,-,533,680,195,135,75,99,58,73,39,14
Hombres,1954,21,36,443,35,404,-,270,369,100,83,47,48,34,36,21,7
Mujeres,1788,15,36,431,35,385,-,263,311,95,52,28,51,24,37,18,7
Cienfuegos,2008,31,63,402,47,277,429,-,227,85,82,54,90,49,109,48,15
Hombres,1065,18,39,209,27,144,209,-,124,49,44,29,55,28,60,19,11
Mujeres,943,13,24,193,20,133,220,-,103,36,38,25,35,21,49,29,4
Sancti Spíritus,2766,23,88,415,67,226,690,209,-,418,167,67,186,67,79,56,8
Hombres,1430,11,49,188,38,117,373,97,-,228,70,34,104,37,46,33,5
Mujeres,1336,12,39,227,29,109,317,112,-,190,97,33,82,30,33,23,3
Ciego de Ávila,3009,12,128,555,114,190,206,88,321,-,524,98,264,187,187,112,23
Hombres,1535,5,71,257,60,96,100,45,171,-,276,55,139,98,90,59,13
Mujeres,1474,7,57,298,54,94,106,43,150,-,248,43,125,89,97,53,10
Camagüey,5342,34,251,1366,271,450,171,163,306,783,-,503,317,264,270,157,36
Hombres,2769,21,131,671,144,245,93,80,159,403,-,269,163,144,145,83,18
Mujeres,2573,13,120,695,127,205,78,83,147,380,-,234,154,120,125,74,18
Las Tunas,4017,39,221,1017,177,331,109,75,129,227,715,-,530,207,137,63,40
Hombres,2041,17,120,509,86,173,62,34,60,123,346,-,287,97,78,30,19
Mujeres,1976,22,101,508,91,158,47,41,69,104,369,-,243,110,59,33,21
Holguín,8127,60,487,2834,480,626,216,173,270,536,556,644,-,381,485,299,80
Hombres,4118,34,246,1413,252,339,120,83,135,282,268,316,-,192,243,151,44
Mujeres,4009,26,241,1421,228,287,96,90,135,254,288,328,-,189,242,148,36
Granma,8573,51,942,2379,1012,1008,198,146,288,593,443,305,459,-,518,103,128
Hombres,4165,25,484,1093,505,516,90,56,144,305,211,144,206,-,271,47,68
Mujeres,4408,26,458,1286,507,492,108,90,144,288,232,161,253,-,247,56,60
Santiago de Cuba,7909,63,819,2566,586,919,122,199,141,472,393,183,497,466,-,391,92
Hombres,3872,34,419,1248,304,458,61,102,67,231,174,80,241,220,-,194,39
Mujeres,4037,29,400,1318,282,461,61,97,74,241,219,103,256,246,-,197,53
Guantánamo,6229,24,612,2033,592,664,107,81,189,427,337,107,361,95,509,-,91
Hombres,3143,14,325,1004,304,333,56,38,98,212,178,46,181,55,252,-,47
Mujeres,3086,10,287,1029,288,331,51,43,91,215,159,61,180,40,257,-,44
Isla de la Juventud,1297,40,108,616,107,60,20,20,23,17,30,28,64,62,49,53,-
Hombres,615,22,50,267,52,37,8,8,13,7,11,18,38,33,22,29,-
Mujeres,682,18,58,349,55,23,12,12,10,10,19,10,26,29,27,24,-
2020,,,,,,,,,,,,,,,,,
Cuba,48386,561,3630,12610,3505,3326,2526,1869,1694,2455,3518,2154,3147,2385,2706,1763,537
Hombres,24048,270,1826,5973,1790,1645,1250,905,866,1218,1735,1109,1647,1196,1423,915,280
Mujeres,24338,291,1804,6637,1715,1681,1276,964,828,1237,1783,1045,1500,1189,1283,848,257
Pinar del Río,1675,-,559,729,101,51,14,16,15,5,29,15,18,27,52,20,24
Hombres,790,-,256,337,52,22,8,7,9,4,16,10,12,11,24,9,13
Mujeres,885,-,303,392,49,29,6,9,6,1,13,5,6,16,28,11,11
Artemisa,2615,219,-,1191,198,55,46,50,39,43,96,46,128,218,148,114,24
Hombres,1297,100,-,571,88,34,21,29,24,28,49,27,65,113,77,57,14
Mujeres,1318,119,-,620,110,21,25,21,15,15,47,19,63,105,71,57,10
La Habana,4607,132,623,-,694,239,427,167,125,165,280,186,438,330,394,279,128
Hombres,2456,70,351,-,371,136,184,87,68,82,132,109,251,170,218,157,70
Mujeres,2151,62,272,-,323,103,243,80,57,83,148,77,187,160,176,122,58
Mayabeque,2585,19,235,1067,-,227,57,37,19,31,158,65,188,187,140,116,39
Hombres,1271,9,109,514,-,120,33,26,10,13,73,33,101,78,72,64,16
Mujeres,1314,10,126,553,-,107,24,11,9,18,85,32,87,109,68,52,23
Matanzas,2575,25,106,529,224,-,258,173,64,91,186,120,201,193,243,146,16
Hombres,1360,13,43,280,119,-,138,86,37,42,100,73,123,97,125,78,6
Mujeres,1215,12,63,249,105,-,120,87,27,49,86,47,78,96,118,68,10
Villa Clara,2363,5,56,482,78,333,-,498,352,86,92,81,96,71,91,15,27
Hombres,1140,2,35,231,42,155,-,230,171,42,38,38,48,37,43,10,18
Mujeres,1223,3,21,251,36,178,-,268,181,44,54,43,48,34,48,5,9
Cienfuegos,1242,15,39,255,41,160,306,-,70,38,83,50,62,29,59,28,7
Hombres,652,8,28,125,17,88,141,-,37,25,48,25,37,17,33,17,6
Mujeres,590,7,11,130,24,72,165,-,33,13,35,25,25,12,26,11,1
Sancti Spíritus,1815,8,41,235,40,107,485,166,-,273,111,59,121,78,37,46,8
Hombres,898,3,26,115,21,53,238,76,-,141,48,30,58,47,20,19,3
Mujeres,917,5,15,120,19,54,247,90,-,132,63,29,63,31,17,27,5
Ciego de Ávila,1954,7,57,361,64,117,131,59,218,-,359,64,163,102,131,115,6
Hombres,1031,4,29,194,32,65,62,33,118,-,187,35,86,56,70,55,5
Mujeres,923,3,28,167,32,52,69,26,100,-,172,29,77,46,61,60,1
Camagüey,3478,25,129,767,181,244,152,123,147,525,-,403,249,204,181,130,18
Hombres,1705,10,73,342,81,120,90,59,63,239,-,208,141,106,88,77,8
Mujeres,1773,15,56,425,100,124,62,64,84,286,-,195,108,98,93,53,10
Las Tunas,3108,15,140,639,142,252,138,74,78,150,705,-,467,125,98,53,32
Hombres,1597,10,87,296,80,125,68,42,44,79,372,-,229,69,56,24,16
Mujeres,1511,5,53,343,62,127,70,32,34,71,333,-,238,56,42,29,16
Holguín,5478,22,313,1777,266,325,126,135,208,297,409,577,-,349,369,267,38
Hombres,2734,11,157,856,137,167,71,56,100,164,198,286,-,182,194,140,15
Mujeres,2744,11,156,921,129,158,55,79,108,133,211,291,-,167,175,127,23
Granma,5569,23,524,1579,680,511,177,120,140,331,423,260,323,-,360,53,65
Hombres,2613,8,242,727,325,238,92,54,72,146,183,114,158,-,182,33,39
Mujeres,2956,15,282,852,355,273,85,66,68,185,240,146,165,-,178,20,26
Santiago de Cuba,5003,29,437,1565,378,446,111,153,98,250,301,148,354,341,-,339,53
Hombres,2399,15,215,740,197,208,53,68,49,134,147,72,176,143,-,157,25
Mujeres,2604,14,222,825,181,238,58,85,49,116,154,76,178,198,-,182,28
Guantánamo,3722,4,317,1189,340,249,88,88,116,167,268,66,305,97,376,-,52
Hombres,1795,2,156,524,182,107,43,46,61,78,133,37,145,49,206,-,26
Mujeres,1927,2,161,665,158,142,45,42,55,89,135,29,160,48,170,-,26
Isla de la Juventud,597,13,54,245,78,10,10,10,5,3,18,14,34,34,27,42,0
Hombres,310,5,19,121,46,7,8,6,3,1,11,12,17,21,15,18,-
Mujeres,287,8,35,124,32,3,2,4,2,2,7,2,17,13,12,24,-
2021,,,,,,,,,,,,,,,,,
Cuba,42909,509,2804,18409,2242,1756,1868,1186,2015,1040,2546,2000,1980,1316,1864,800,574
Hombres,20880,268,1302,8420,1107,901,958,624,1050,523,1289,1022,1036,690,968,429,293
Mujeres,22029,241,1502,9989,1135,855,910,562,965,517,1257,978,944,626,896,371,281
Pinar del Río,1821,0,463,1036,57,39,19,14,19,12,22,17,28,13,38,9,35
Hombres,803,0,203,444,28,19,10,5,8,5,12,9,16,4,18,7,15
Mujeres,1018,0,260,592,29,20,9,9,11,7,10,8,12,9,20,2,20
Artemisa,2771,195,0,1725,141,43,31,31,57,15,66,61,93,114,121,43,35
Hombres,1384,108,0,804,67,21,18,19,30,6,36,37,57,67,69,28,17
Mujeres,1387,87,0,921,74,22,13,12,27,9,30,24,36,47,52,15,18
La Habana,3507,124,526,0,476,187,218,118,172,85,282,218,279,212,314,146,150
Hombres,1850,61,246,0,255,104,106,62,89,46,152,115,160,117,174,84,79
Mujeres,1657,63,280,0,221,83,112,56,83,39,130,103,119,95,140,62,71
Mayabeque,2421,42,170,1417,0,169,44,17,36,13,49,79,93,106,84,56,46
Hombres,1205,20,88,667,0,88,22,11,23,9,29,44,46,60,41,29,28
Mujeres,1216,22,82,750,0,81,22,6,13,4,20,35,47,46,43,27,18
Matanzas,2151,25,62,654,146,0,223,144,103,49,130,95,132,103,192,74,19
Hombres,1142,18,27,309,67,0,119,86,62,28,75,54,76,54,112,42,13
Mujeres,1009,7,35,345,79,0,104,58,41,21,55,41,56,49,80,32,6
Villa Clara,2074,11,62,688,31,226,0,293,446,53,83,40,36,36,29,21,19
Hombres,1034,3,27,307,20,127,0,150,240,27,44,24,13,15,16,10,11
Mujeres,1040,8,35,381,11,99,0,143,206,26,39,16,23,21,13,11,8
Cienfuegos,1066,3,17,337,24,97,244,0,122,22,62,34,40,18,28,9,9
Hombres,547,2,8,148,11,53,140,0,64,9,38,23,19,8,18,2,4
Mujeres,519,1,9,189,13,44,104,0,58,13,24,11,21,10,10,7,5
Sancti Spíritus,1589,18,50,423,15,59,431,103,0,143,114,51,91,20,32,29,10
Hombres,787,8,20,195,11,21,229,62,0,71,53,21,42,12,24,13,5
Mujeres,802,10,30,228,4,38,202,41,0,72,61,30,49,8,8,16,5
Ciego de Ávila,1941,5,60,550,50,66,118,47,313,0,335,51,118,73,95,47,13
Hombres,950,3,26,256,25,26,65,24,152,0,154,29,58,42,55,27,8
Mujeres,991,2,34,294,25,40,53,23,161,0,181,22,60,31,40,20,5
Camagüey,2879,10,105,1118,112,128,121,73,173,202,0,401,139,108,128,45,16
Hombres,1428,4,49,487,55,82,61,44,97,104,0,215,76,59,65,25,5
Mujeres,1451,6,56,631,57,46,60,29,76,98,0,186,63,49,63,20,11
Las Tunas,2523,8,144,969,85,68,64,56,78,46,483,0,311,80,66,27,38
Hombres,1246,3,73,457,38,32,30,24,40,24,253,0,166,45,28,14,19
Mujeres,1277,5,71,512,47,36,34,32,38,22,230,0,145,35,38,13,19
Holguín,5062,24,192,2696,201,144,103,66,164,123,290,497,0,178,246,87,51
Hombres,2418,11,96,1248,107,68,44,36,89,60,144,244,0,87,126,37,21
Mujeres,2644,13,96,1448,94,76,59,30,75,63,146,253,0,91,120,50,30
Granma,4838,24,346,2312,427,187,128,71,153,120,284,250,244,0,216,35,41
Hombres,2188,13,154,1016,195,101,59,32,73,59,131,113,110,0,93,16,23
Mujeres,2650,11,192,1296,232,86,69,39,80,61,153,137,134,0,123,19,18
Santiago de Cuba,4362,5,346,2298,261,193,67,78,100,80,201,116,214,198,0,158,47
Hombres,2063,5,157,1070,120,89,23,35,45,43,103,56,117,90,0,83,27
Mujeres,2299,0,189,1228,141,104,44,43,55,37,98,60,97,108,0,75,20
Guantánamo,3325,6,220,1832,186,135,44,69,71,73,137,68,146,39,254,0,45
Hombres,1548,5,107,849,92,61,24,29,34,31,59,28,71,22,118,0,18
Mujeres,1777,1,113,983,94,74,20,40,37,42,78,40,75,17,136,0,27
Isla de la Juventud,579,9,41,354,30,15,13,6,8,4,8,22,16,18,21,14,0
Hombres,287,4,21,163,16,9,8,5,4,1,6,10,9,8,11,12,0
Mujeres,292,5,20,191,14,6,5,1,4,3,2,12,7,10,10,2,0
2022,,,,,,,,,,,,,,,,,
Cuba,65978,852,5001,23386,3893,4780,2699,1836,2565,3318,3369,2239,3086,2469,3514,1892,1079
Hombres,31601,419,2440,10368,1940,2338,1398,907,1280,1604,1594,1129,1599,1232,1793,1004,556
Mujeres,34377,433,2561,13018,1953,2442,1301,929,1285,1714,1775,1110,1487,1237,1721,888,523
Pinar del Río,2298,-,693,1116,99,101,42,9,19,14,21,26,25,21,45,16,51
Hombres,998,-,308,465,49,41,20,5,11,4,10,13,11,11,19,7,24
Mujeres,1300,-,385,651,50,60,22,4,8,10,11,13,14,10,26,9,27
Artemisa,3723,322,-,1946,236,129,52,32,57,61,72,75,166,191,209,100,75
Hombres,1821,158,-,903,99,63,27,22,26,32,36,44,98,103,110,55,45
Mujeres,1902,164,-,1043,137,66,25,10,31,29,36,31,68,88,99,45,30
La Habana,4992,197,716,-,647,345,273,162,185,188,285,217,428,350,503,286,210
Hombres,2727,107,397,-,333,198,134,85,96,108,160,129,250,191,280,155,104
Mujeres,2265,90,319,-,314,147,139,77,89,80,125,88,178,159,223,131,106
Mayabeque,3315,39,257,1647,-,314,36,27,46,64,95,71,136,186,173,149,75
Hombres,1663,16,120,777,-,177,25,13,24,37,46,38,70,105,95,78,42
Mujeres,1652,23,137,870,-,137,11,14,22,27,49,33,66,81,78,71,33
Matanzas,3035,29,115,795,232,-,312,181,109,103,166,99,185,222,284,170,33
Hombres,1560,16,66,357,127,-,169,93,60,47,78,62,101,115,149,102,18
Mujeres,1475,13,49,438,105,-,143,88,49,56,88,37,84,107,135,68,15
Villa Clara,2976,21,91,814,51,599,-,468,485,127,80,45,64,38,49,31,13
Hombres,1422,10,44,358,28,289,-,228,229,72,36,21,35,20,27,20,5
Mujeres,1554,11,47,456,23,310,-,240,256,55,44,24,29,18,22,11,8
Cienfuegos,1666,5,64,442,41,227,360,-,187,40,49,35,49,45,79,34,9
Hombres,806,2,28,181,21,116,199,-,86,17,24,17,27,22,41,19,6
Mujeres,860,3,36,261,20,111,161,-,101,23,25,18,22,23,38,15,3
Sancti Spíritus,2477,15,73,457,59,200,584,193,-,319,139,32,142,86,71,84,23
Hombres,1222,8,40,203,29,91,293,104,-,156,66,18,82,38,35,48,11
Mujeres,1255,7,33,254,30,109,291,89,-,163,73,14,60,48,36,36,12
Ciego de Ávila,2894,14,78,713,95,182,168,88,312,-,430,101,178,179,207,123,26
Hombres,1424,6,40,314,53,90,90,41,170,-,201,49,105,85,101,64,15
Mujeres,1470,8,38,399,42,92,78,47,142,-,229,52,73,94,106,59,11
Camagüey,4419,28,170,1369,155,306,170,122,219,642,-,426,225,189,208,160,30
Hombres,2100,12,79,633,73,151,91,55,117,295,-,208,109,90,92,85,10
Mujeres,2319,16,91,736,82,155,79,67,102,347,-,218,116,99,116,75,20
Las Tunas,3744,16,183,1187,180,220,111,59,94,215,689,-,405,170,133,41,41
Hombres,1740,8,87,531,94,94,62,21,43,97,314,-,196,78,69,24,22
Mujeres,2004,8,96,656,86,126,49,38,51,118,375,-,209,92,64,17,19
Holguín,7902,41,430,3492,375,445,170,140,260,471,412,527,-,302,446,271,120
Hombres,3733,19,212,1562,189,212,77,67,137,229,191,253,-,147,221,150,67
Mujeres,4169,22,218,1930,186,233,93,73,123,242,221,274,-,155,225,121,53
Granma,8321,35,909,3314,742,574,163,130,283,432,371,290,335,-,537,72,134
Hombres,3834,18,430,1423,364,278,85,69,126,203,168,132,160,-,279,34,65
Mujeres,4487,17,479,1891,378,296,78,61,157,229,203,158,175,-,258,38,69
Santiago de Cuba,7442,36,703,3110,499,663,142,141,113,357,309,158,396,365,-,329,121
Hombres,3415,19,330,1367,247,315,67,62,56,167,156,73,185,160,-,151,60
Mujeres,4027,17,373,1743,252,348,75,79,57,190,153,85,211,205,-,178,61
Guantánamo,5774,17,442,2483,396,435,87,70,194,276,234,104,312,76,530,-,118
Hombres,2664,8,217,1072,197,205,47,33,98,137,99,50,152,37,250,-,62
Mujeres,3110,9,225,1411,199,230,40,37,96,139,135,54,160,39,280,-,56
Isla de la Juventud,1000,37,77,501,86,40,29,14,2,9,17,33,40,49,40,26,-
Hombres,472,12,42,222,37,18,12,9,1,3,9,22,18,30,25,12,-
Mujeres,528,25,35,279,49,22,17,5,1,6,8,11,22,19,15,14,-
